request_id,timestamp,ttft_ms,tpot_ms,total_latency_ms,tokens_in,tokens_out,error
0,1776349146.1224778,0.0,0.0,30.14349937438965,173,0,"HTTP 405: <html>
<head><title>405 Not Allowed</title></head>
<body>
<center><h1>405 Not Allowed</h1></center>
<hr><center>nginx/1.18.0 (Ubuntu)</center>
</body>
</html>
"
1,1776349146.122596,0.0,0.0,25.28834342956543,74,0,"HTTP 405: <html>
<head><title>405 Not Allowed</title></head>
<body>
<center><h1>405 Not Allowed</h1></center>
<hr><center>nginx/1.18.0 (Ubuntu)</center>
</body>
</html>
"
2,1776349146.1226451,0.0,0.0,24.50084686279297,119,0,"HTTP 405: <html>
<head><title>405 Not Allowed</title></head>
<body>
<center><h1>405 Not Allowed</h1></center>
<hr><center>nginx/1.18.0 (Ubuntu)</center>
</body>
</html>
"
3,1776349146.1226861,0.0,0.0,23.36287498474121,83,0,"HTTP 405: <html>
<head><title>405 Not Allowed</title></head>
<body>
<center><h1>405 Not Allowed</h1></center>
<hr><center>nginx/1.18.0 (Ubuntu)</center>
</body>
</html>
"
4,1776349146.1227698,0.0,0.0,22.536039352416992,65,0,"HTTP 405: <html>
<head><title>405 Not Allowed</title></head>
<body>
<center><h1>405 Not Allowed</h1></center>
<hr><center>nginx/1.18.0 (Ubuntu)</center>
</body>
</html>
"
5,1776349146.1228082,0.0,0.0,21.532058715820312,47,0,"HTTP 405: <html>
<head><title>405 Not Allowed</title></head>
<body>
<center><h1>405 Not Allowed</h1></center>
<hr><center>nginx/1.18.0 (Ubuntu)</center>
</body>
</html>
"
6,1776349146.1228447,0.0,0.0,20.368576049804688,137,0,"HTTP 405: <html>
<head><title>405 Not Allowed</title></head>
<body>
<center><h1>405 Not Allowed</h1></center>
<hr><center>nginx/1.18.0 (Ubuntu)</center>
</body>
</html>
"
7,1776349146.122881,0.0,0.0,19.797325134277344,38,0,"HTTP 405: <html>
<head><title>405 Not Allowed</title></head>
<body>
<center><h1>405 Not Allowed</h1></center>
<hr><center>nginx/1.18.0 (Ubuntu)</center>
</body>
</html>
"
8,1776349146.1229167,0.0,0.0,17.202138900756836,56,0,"HTTP 405: <html>
<head><title>405 Not Allowed</title></head>
<body>
<center><h1>405 Not Allowed</h1></center>
<hr><center>nginx/1.18.0 (Ubuntu)</center>
</body>
</html>
"
9,1776349146.122952,0.0,0.0,15.513181686401367,182,0,"HTTP 405: <html>
<head><title>405 Not Allowed</title></head>
<body>
<center><h1>405 Not Allowed</h1></center>
<hr><center>nginx/1.18.0 (Ubuntu)</center>
</body>
</html>
"
10,1776349146.122989,0.0,0.0,28.86056900024414,20,0,"HTTP 405: <html>
<head><title>405 Not Allowed</title></head>
<body>
<center><h1>405 Not Allowed</h1></center>
<hr><center>nginx/1.18.0 (Ubuntu)</center>
</body>
</html>
"
11,1776349146.1230261,0.0,0.0,15.707254409790039,137,0,"HTTP 405: <html>
<head><title>405 Not Allowed</title></head>
<body>
<center><h1>405 Not Allowed</h1></center>
<hr><center>nginx/1.18.0 (Ubuntu)</center>
</body>
</html>
"
12,1776349146.1230621,0.0,0.0,28.6562442779541,38,0,"HTTP 405: <html>
<head><title>405 Not Allowed</title></head>
<body>
<center><h1>405 Not Allowed</h1></center>
<hr><center>nginx/1.18.0 (Ubuntu)</center>
</body>
</html>
"
13,1776349146.1230974,0.0,0.0,25.678634643554688,137,0,"HTTP 405: <html>
<head><title>405 Not Allowed</title></head>
<body>
<center><h1>405 Not Allowed</h1></center>
<hr><center>nginx/1.18.0 (Ubuntu)</center>
</body>
</html>
"
14,1776349146.1231341,0.0,0.0,25.531291961669922,47,0,"HTTP 405: <html>
<head><title>405 Not Allowed</title></head>
<body>
<center><h1>405 Not Allowed</h1></center>
<hr><center>nginx/1.18.0 (Ubuntu)</center>
</body>
</html>
"
15,1776349146.12317,0.0,0.0,25.224685668945312,38,0,"HTTP 405: <html>
<head><title>405 Not Allowed</title></head>
<body>
<center><h1>405 Not Allowed</h1></center>
<hr><center>nginx/1.18.0 (Ubuntu)</center>
</body>
</html>
"
16,1776349146.1232038,0.0,0.0,24.821043014526367,65,0,"HTTP 405: <html>
<head><title>405 Not Allowed</title></head>
<body>
<center><h1>405 Not Allowed</h1></center>
<hr><center>nginx/1.18.0 (Ubuntu)</center>
</body>
</html>
"
17,1776349146.1232398,0.0,0.0,24.323701858520508,20,0,"HTTP 405: <html>
<head><title>405 Not Allowed</title></head>
<body>
<center><h1>405 Not Allowed</h1></center>
<hr><center>nginx/1.18.0 (Ubuntu)</center>
</body>
</html>
"
18,1776349146.1232753,0.0,0.0,24.066448211669922,146,0,"HTTP 405: <html>
<head><title>405 Not Allowed</title></head>
<body>
<center><h1>405 Not Allowed</h1></center>
<hr><center>nginx/1.18.0 (Ubuntu)</center>
</body>
</html>
"
19,1776349146.1233137,0.0,0.0,23.37050437927246,146,0,"HTTP 405: <html>
<head><title>405 Not Allowed</title></head>
<body>
<center><h1>405 Not Allowed</h1></center>
<hr><center>nginx/1.18.0 (Ubuntu)</center>
</body>
</html>
"
20,1776349146.1233509,0.0,0.0,22.85027503967285,38,0,"HTTP 405: <html>
<head><title>405 Not Allowed</title></head>
<body>
<center><h1>405 Not Allowed</h1></center>
<hr><center>nginx/1.18.0 (Ubuntu)</center>
</body>
</html>
"
21,1776349146.1233869,0.0,0.0,22.31454849243164,128,0,"HTTP 405: <html>
<head><title>405 Not Allowed</title></head>
<body>
<center><h1>405 Not Allowed</h1></center>
<hr><center>nginx/1.18.0 (Ubuntu)</center>
</body>
</html>
"
22,1776349146.1234808,0.0,0.0,21.95906639099121,182,0,"HTTP 405: <html>
<head><title>405 Not Allowed</title></head>
<body>
<center><h1>405 Not Allowed</h1></center>
<hr><center>nginx/1.18.0 (Ubuntu)</center>
</body>
</html>
"
23,1776349146.1235187,0.0,0.0,21.088838577270508,173,0,"HTTP 405: <html>
<head><title>405 Not Allowed</title></head>
<body>
<center><h1>405 Not Allowed</h1></center>
<hr><center>nginx/1.18.0 (Ubuntu)</center>
</body>
</html>
"
24,1776349146.1235561,0.0,0.0,20.898103713989258,83,0,"HTTP 405: <html>
<head><title>405 Not Allowed</title></head>
<body>
<center><h1>405 Not Allowed</h1></center>
<hr><center>nginx/1.18.0 (Ubuntu)</center>
</body>
</html>
"
25,1776349146.123592,0.0,0.0,20.038127899169922,137,0,"HTTP 405: <html>
<head><title>405 Not Allowed</title></head>
<body>
<center><h1>405 Not Allowed</h1></center>
<hr><center>nginx/1.18.0 (Ubuntu)</center>
</body>
</html>
"
26,1776349146.1236284,0.0,0.0,19.809961318969727,119,0,"HTTP 405: <html>
<head><title>405 Not Allowed</title></head>
<body>
<center><h1>405 Not Allowed</h1></center>
<hr><center>nginx/1.18.0 (Ubuntu)</center>
</body>
</html>
"
27,1776349146.123665,0.0,0.0,18.83840560913086,92,0,"HTTP 405: <html>
<head><title>405 Not Allowed</title></head>
<body>
<center><h1>405 Not Allowed</h1></center>
<hr><center>nginx/1.18.0 (Ubuntu)</center>
</body>
</html>
"
28,1776349146.1237004,0.0,0.0,16.694068908691406,119,0,"HTTP 405: <html>
<head><title>405 Not Allowed</title></head>
<body>
<center><h1>405 Not Allowed</h1></center>
<hr><center>nginx/1.18.0 (Ubuntu)</center>
</body>
</html>
"
29,1776349146.123736,0.0,0.0,16.52050018310547,65,0,"HTTP 405: <html>
<head><title>405 Not Allowed</title></head>
<body>
<center><h1>405 Not Allowed</h1></center>
<hr><center>nginx/1.18.0 (Ubuntu)</center>
</body>
</html>
"
30,1776349146.1237714,0.0,0.0,14.057636260986328,47,0,"HTTP 405: <html>
<head><title>405 Not Allowed</title></head>
<body>
<center><h1>405 Not Allowed</h1></center>
<hr><center>nginx/1.18.0 (Ubuntu)</center>
</body>
</html>
"
31,1776349146.123807,0.0,0.0,13.345718383789062,83,0,"HTTP 405: <html>
<head><title>405 Not Allowed</title></head>
<body>
<center><h1>405 Not Allowed</h1></center>
<hr><center>nginx/1.18.0 (Ubuntu)</center>
</body>
</html>
"
32,1776349146.1238422,0.0,0.0,22.459745407104492,74,0,"HTTP 405: <html>
<head><title>405 Not Allowed</title></head>
<body>
<center><h1>405 Not Allowed</h1></center>
<hr><center>nginx/1.18.0 (Ubuntu)</center>
</body>
</html>
"
33,1776349146.1238766,0.0,0.0,28.533458709716797,128,0,"HTTP 405: <html>
<head><title>405 Not Allowed</title></head>
<body>
<center><h1>405 Not Allowed</h1></center>
<hr><center>nginx/1.18.0 (Ubuntu)</center>
</body>
</html>
"
34,1776349146.1239107,0.0,0.0,12.982368469238281,146,0,"HTTP 405: <html>
<head><title>405 Not Allowed</title></head>
<body>
<center><h1>405 Not Allowed</h1></center>
<hr><center>nginx/1.18.0 (Ubuntu)</center>
</body>
</html>
"
35,1776349146.1239512,0.0,0.0,13.731002807617188,74,0,"HTTP 405: <html>
<head><title>405 Not Allowed</title></head>
<body>
<center><h1>405 Not Allowed</h1></center>
<hr><center>nginx/1.18.0 (Ubuntu)</center>
</body>
</html>
"
36,1776349146.123989,0.0,0.0,14.208316802978516,146,0,"HTTP 405: <html>
<head><title>405 Not Allowed</title></head>
<body>
<center><h1>405 Not Allowed</h1></center>
<hr><center>nginx/1.18.0 (Ubuntu)</center>
</body>
</html>
"
37,1776349146.1240904,0.0,0.0,15.71202278137207,182,0,"HTTP 405: <html>
<head><title>405 Not Allowed</title></head>
<body>
<center><h1>405 Not Allowed</h1></center>
<hr><center>nginx/1.18.0 (Ubuntu)</center>
</body>
</html>
"
38,1776349146.1241305,0.0,0.0,18.118619918823242,155,0,"HTTP 405: <html>
<head><title>405 Not Allowed</title></head>
<body>
<center><h1>405 Not Allowed</h1></center>
<hr><center>nginx/1.18.0 (Ubuntu)</center>
</body>
</html>
"
39,1776349146.1241672,0.0,0.0,18.796205520629883,164,0,"HTTP 405: <html>
<head><title>405 Not Allowed</title></head>
<body>
<center><h1>405 Not Allowed</h1></center>
<hr><center>nginx/1.18.0 (Ubuntu)</center>
</body>
</html>
"
40,1776349146.124204,0.0,0.0,19.884347915649414,164,0,"HTTP 405: <html>
<head><title>405 Not Allowed</title></head>
<body>
<center><h1>405 Not Allowed</h1></center>
<hr><center>nginx/1.18.0 (Ubuntu)</center>
</body>
</html>
"
41,1776349146.1242397,0.0,0.0,20.86019515991211,128,0,"HTTP 405: <html>
<head><title>405 Not Allowed</title></head>
<body>
<center><h1>405 Not Allowed</h1></center>
<hr><center>nginx/1.18.0 (Ubuntu)</center>
</body>
</html>
"
42,1776349146.1242754,0.0,0.0,21.705150604248047,11,0,"HTTP 405: <html>
<head><title>405 Not Allowed</title></head>
<body>
<center><h1>405 Not Allowed</h1></center>
<hr><center>nginx/1.18.0 (Ubuntu)</center>
</body>
</html>
"
43,1776349146.1243095,0.0,0.0,22.599220275878906,164,0,"HTTP 405: <html>
<head><title>405 Not Allowed</title></head>
<body>
<center><h1>405 Not Allowed</h1></center>
<hr><center>nginx/1.18.0 (Ubuntu)</center>
</body>
</html>
"
44,1776349146.1243453,0.0,0.0,23.449420928955078,29,0,"HTTP 405: <html>
<head><title>405 Not Allowed</title></head>
<body>
<center><h1>405 Not Allowed</h1></center>
<hr><center>nginx/1.18.0 (Ubuntu)</center>
</body>
</html>
"
45,1776349146.1243808,0.0,0.0,24.117231369018555,92,0,"HTTP 405: <html>
<head><title>405 Not Allowed</title></head>
<body>
<center><h1>405 Not Allowed</h1></center>
<hr><center>nginx/1.18.0 (Ubuntu)</center>
</body>
</html>
"
46,1776349146.1244175,0.0,0.0,24.82128143310547,164,0,"HTTP 405: <html>
<head><title>405 Not Allowed</title></head>
<body>
<center><h1>405 Not Allowed</h1></center>
<hr><center>nginx/1.18.0 (Ubuntu)</center>
</body>
</html>
"
47,1776349146.124455,0.0,0.0,27.779102325439453,92,0,"HTTP 405: <html>
<head><title>405 Not Allowed</title></head>
<body>
<center><h1>405 Not Allowed</h1></center>
<hr><center>nginx/1.18.0 (Ubuntu)</center>
</body>
</html>
"
48,1776349146.1244905,0.0,0.0,12.051820755004883,182,0,"HTTP 405: <html>
<head><title>405 Not Allowed</title></head>
<body>
<center><h1>405 Not Allowed</h1></center>
<hr><center>nginx/1.18.0 (Ubuntu)</center>
</body>
</html>
"
49,1776349146.1245272,0.0,0.0,12.942790985107422,128,0,"HTTP 405: <html>
<head><title>405 Not Allowed</title></head>
<body>
<center><h1>405 Not Allowed</h1></center>
<hr><center>nginx/1.18.0 (Ubuntu)</center>
</body>
</html>
"
50,1776349146.1245632,0.0,0.0,13.380765914916992,164,0,"HTTP 405: <html>
<head><title>405 Not Allowed</title></head>
<body>
<center><h1>405 Not Allowed</h1></center>
<hr><center>nginx/1.18.0 (Ubuntu)</center>
</body>
</html>
"
51,1776349146.1246002,0.0,0.0,14.352560043334961,38,0,"HTTP 405: <html>
<head><title>405 Not Allowed</title></head>
<body>
<center><h1>405 Not Allowed</h1></center>
<hr><center>nginx/1.18.0 (Ubuntu)</center>
</body>
</html>
"
52,1776349146.1246803,0.0,0.0,17.355680465698242,110,0,"HTTP 405: <html>
<head><title>405 Not Allowed</title></head>
<body>
<center><h1>405 Not Allowed</h1></center>
<hr><center>nginx/1.18.0 (Ubuntu)</center>
</body>
</html>
"
53,1776349146.1247177,0.0,0.0,18.06640625,101,0,"HTTP 405: <html>
<head><title>405 Not Allowed</title></head>
<body>
<center><h1>405 Not Allowed</h1></center>
<hr><center>nginx/1.18.0 (Ubuntu)</center>
</body>
</html>
"
54,1776349146.1247547,0.0,0.0,19.09041404724121,146,0,"HTTP 405: <html>
<head><title>405 Not Allowed</title></head>
<body>
<center><h1>405 Not Allowed</h1></center>
<hr><center>nginx/1.18.0 (Ubuntu)</center>
</body>
</html>
"
55,1776349146.1247897,0.0,0.0,20.07293701171875,155,0,"HTTP 405: <html>
<head><title>405 Not Allowed</title></head>
<body>
<center><h1>405 Not Allowed</h1></center>
<hr><center>nginx/1.18.0 (Ubuntu)</center>
</body>
</html>
"
56,1776349146.124826,0.0,0.0,21.084308624267578,11,0,"HTTP 405: <html>
<head><title>405 Not Allowed</title></head>
<body>
<center><h1>405 Not Allowed</h1></center>
<hr><center>nginx/1.18.0 (Ubuntu)</center>
</body>
</html>
"
57,1776349146.1248586,0.0,0.0,21.584272384643555,164,0,"HTTP 405: <html>
<head><title>405 Not Allowed</title></head>
<body>
<center><h1>405 Not Allowed</h1></center>
<hr><center>nginx/1.18.0 (Ubuntu)</center>
</body>
</html>
"
58,1776349146.1248925,0.0,0.0,22.751569747924805,83,0,"HTTP 405: <html>
<head><title>405 Not Allowed</title></head>
<body>
<center><h1>405 Not Allowed</h1></center>
<hr><center>nginx/1.18.0 (Ubuntu)</center>
</body>
</html>
"
59,1776349146.1249254,0.0,0.0,23.265361785888672,119,0,"HTTP 405: <html>
<head><title>405 Not Allowed</title></head>
<body>
<center><h1>405 Not Allowed</h1></center>
<hr><center>nginx/1.18.0 (Ubuntu)</center>
</body>
</html>
"
60,1776349146.1249607,0.0,0.0,24.0323543548584,164,0,"HTTP 405: <html>
<head><title>405 Not Allowed</title></head>
<body>
<center><h1>405 Not Allowed</h1></center>
<hr><center>nginx/1.18.0 (Ubuntu)</center>
</body>
</html>
"
61,1776349146.1249952,0.0,0.0,26.946544647216797,182,0,"HTTP 405: <html>
<head><title>405 Not Allowed</title></head>
<body>
<center><h1>405 Not Allowed</h1></center>
<hr><center>nginx/1.18.0 (Ubuntu)</center>
</body>
</html>
"
62,1776349146.125031,0.0,0.0,11.228322982788086,38,0,"HTTP 405: <html>
<head><title>405 Not Allowed</title></head>
<body>
<center><h1>405 Not Allowed</h1></center>
<hr><center>nginx/1.18.0 (Ubuntu)</center>
</body>
</html>
"
63,1776349146.1250648,0.0,0.0,12.255430221557617,74,0,"HTTP 405: <html>
<head><title>405 Not Allowed</title></head>
<body>
<center><h1>405 Not Allowed</h1></center>
<hr><center>nginx/1.18.0 (Ubuntu)</center>
</body>
</html>
"
64,1776349146.1391468,0.0,0.0,14.848947525024414,164,0,"HTTP 405: <html>
<head><title>405 Not Allowed</title></head>
<body>
<center><h1>405 Not Allowed</h1></center>
<hr><center>nginx/1.18.0 (Ubuntu)</center>
</body>
</html>
"
65,1776349146.1392252,0.0,0.0,15.04206657409668,92,0,"HTTP 405: <html>
<head><title>405 Not Allowed</title></head>
<body>
<center><h1>405 Not Allowed</h1></center>
<hr><center>nginx/1.18.0 (Ubuntu)</center>
</body>
</html>
"
66,1776349146.1392822,0.0,0.0,15.158414840698242,29,0,"HTTP 405: <html>
<head><title>405 Not Allowed</title></head>
<body>
<center><h1>405 Not Allowed</h1></center>
<hr><center>nginx/1.18.0 (Ubuntu)</center>
</body>
</html>
"
67,1776349146.1393304,0.0,0.0,15.203714370727539,128,0,"HTTP 405: <html>
<head><title>405 Not Allowed</title></head>
<body>
<center><h1>405 Not Allowed</h1></center>
<hr><center>nginx/1.18.0 (Ubuntu)</center>
</body>
</html>
"
68,1776349146.1393785,0.0,0.0,15.364885330200195,155,0,"HTTP 405: <html>
<head><title>405 Not Allowed</title></head>
<body>
<center><h1>405 Not Allowed</h1></center>
<hr><center>nginx/1.18.0 (Ubuntu)</center>
</body>
</html>
"
69,1776349146.1394238,0.0,0.0,15.560150146484375,56,0,"HTTP 405: <html>
<head><title>405 Not Allowed</title></head>
<body>
<center><h1>405 Not Allowed</h1></center>
<hr><center>nginx/1.18.0 (Ubuntu)</center>
</body>
</html>
"
70,1776349146.1394691,0.0,0.0,15.640497207641602,83,0,"HTTP 405: <html>
<head><title>405 Not Allowed</title></head>
<body>
<center><h1>405 Not Allowed</h1></center>
<hr><center>nginx/1.18.0 (Ubuntu)</center>
</body>
</html>
"
71,1776349146.1395135,0.0,0.0,15.749216079711914,83,0,"HTTP 405: <html>
<head><title>405 Not Allowed</title></head>
<body>
<center><h1>405 Not Allowed</h1></center>
<hr><center>nginx/1.18.0 (Ubuntu)</center>
</body>
</html>
"
72,1776349146.1395576,0.0,0.0,15.858173370361328,164,0,"HTTP 405: <html>
<head><title>405 Not Allowed</title></head>
<body>
<center><h1>405 Not Allowed</h1></center>
<hr><center>nginx/1.18.0 (Ubuntu)</center>
</body>
</html>
"
73,1776349146.1396027,0.0,0.0,16.059160232543945,119,0,"HTTP 405: <html>
<head><title>405 Not Allowed</title></head>
<body>
<center><h1>405 Not Allowed</h1></center>
<hr><center>nginx/1.18.0 (Ubuntu)</center>
</body>
</html>
"
74,1776349146.1396472,0.0,0.0,16.206741333007812,128,0,"HTTP 405: <html>
<head><title>405 Not Allowed</title></head>
<body>
<center><h1>405 Not Allowed</h1></center>
<hr><center>nginx/1.18.0 (Ubuntu)</center>
</body>
</html>
"
75,1776349146.139694,0.0,0.0,16.41678810119629,11,0,"HTTP 405: <html>
<head><title>405 Not Allowed</title></head>
<body>
<center><h1>405 Not Allowed</h1></center>
<hr><center>nginx/1.18.0 (Ubuntu)</center>
</body>
</html>
"
76,1776349146.1397378,0.0,0.0,16.45064353942871,128,0,"HTTP 405: <html>
<head><title>405 Not Allowed</title></head>
<body>
<center><h1>405 Not Allowed</h1></center>
<hr><center>nginx/1.18.0 (Ubuntu)</center>
</body>
</html>
"
77,1776349146.1417894,0.0,0.0,15.476703643798828,155,0,"HTTP 405: <html>
<head><title>405 Not Allowed</title></head>
<body>
<center><h1>405 Not Allowed</h1></center>
<hr><center>nginx/1.18.0 (Ubuntu)</center>
</body>
</html>
"
78,1776349146.1418657,0.0,0.0,15.664815902709961,38,0,"HTTP 405: <html>
<head><title>405 Not Allowed</title></head>
<body>
<center><h1>405 Not Allowed</h1></center>
<hr><center>nginx/1.18.0 (Ubuntu)</center>
</body>
</html>
"
79,1776349146.1419203,0.0,0.0,15.719413757324219,110,0,"HTTP 405: <html>
<head><title>405 Not Allowed</title></head>
<body>
<center><h1>405 Not Allowed</h1></center>
<hr><center>nginx/1.18.0 (Ubuntu)</center>
</body>
</html>
"
80,1776349146.1419694,0.0,0.0,15.858173370361328,74,0,"HTTP 405: <html>
<head><title>405 Not Allowed</title></head>
<body>
<center><h1>405 Not Allowed</h1></center>
<hr><center>nginx/1.18.0 (Ubuntu)</center>
</body>
</html>
"
81,1776349146.1496727,0.0,0.0,9.131908416748047,128,0,"HTTP 405: <html>
<head><title>405 Not Allowed</title></head>
<body>
<center><h1>405 Not Allowed</h1></center>
<hr><center>nginx/1.18.0 (Ubuntu)</center>
</body>
</html>
"
82,1776349146.149749,0.0,0.0,9.286165237426758,173,0,"HTTP 405: <html>
<head><title>405 Not Allowed</title></head>
<body>
<center><h1>405 Not Allowed</h1></center>
<hr><center>nginx/1.18.0 (Ubuntu)</center>
</body>
</html>
"
83,1776349146.149806,0.0,0.0,9.489774703979492,146,0,"HTTP 405: <html>
<head><title>405 Not Allowed</title></head>
<body>
<center><h1>405 Not Allowed</h1></center>
<hr><center>nginx/1.18.0 (Ubuntu)</center>
</body>
</html>
"
84,1776349146.149856,0.0,0.0,9.667634963989258,11,0,"HTTP 405: <html>
<head><title>405 Not Allowed</title></head>
<body>
<center><h1>405 Not Allowed</h1></center>
<hr><center>nginx/1.18.0 (Ubuntu)</center>
</body>
</html>
"
85,1776349146.149902,0.0,0.0,9.693145751953125,74,0,"HTTP 405: <html>
<head><title>405 Not Allowed</title></head>
<body>
<center><h1>405 Not Allowed</h1></center>
<hr><center>nginx/1.18.0 (Ubuntu)</center>
</body>
</html>
"
86,1776349146.1499484,0.0,0.0,9.79161262512207,11,0,"HTTP 405: <html>
<head><title>405 Not Allowed</title></head>
<body>
<center><h1>405 Not Allowed</h1></center>
<hr><center>nginx/1.18.0 (Ubuntu)</center>
</body>
</html>
"
87,1776349146.149993,0.0,0.0,9.816169738769531,20,0,"HTTP 405: <html>
<head><title>405 Not Allowed</title></head>
<body>
<center><h1>405 Not Allowed</h1></center>
<hr><center>nginx/1.18.0 (Ubuntu)</center>
</body>
</html>
"
88,1776349146.150037,0.0,0.0,9.852886199951172,38,0,"HTTP 405: <html>
<head><title>405 Not Allowed</title></head>
<body>
<center><h1>405 Not Allowed</h1></center>
<hr><center>nginx/1.18.0 (Ubuntu)</center>
</body>
</html>
"
89,1776349146.15008,0.0,0.0,9.909391403198242,173,0,"HTTP 405: <html>
<head><title>405 Not Allowed</title></head>
<body>
<center><h1>405 Not Allowed</h1></center>
<hr><center>nginx/1.18.0 (Ubuntu)</center>
</body>
</html>
"
90,1776349146.1501243,0.0,0.0,10.159492492675781,146,0,"HTTP 405: <html>
<head><title>405 Not Allowed</title></head>
<body>
<center><h1>405 Not Allowed</h1></center>
<hr><center>nginx/1.18.0 (Ubuntu)</center>
</body>
</html>
"
91,1776349146.1501687,0.0,0.0,10.343551635742188,65,0,"HTTP 405: <html>
<head><title>405 Not Allowed</title></head>
<body>
<center><h1>405 Not Allowed</h1></center>
<hr><center>nginx/1.18.0 (Ubuntu)</center>
</body>
</html>
"
92,1776349146.1502116,0.0,0.0,10.434389114379883,164,0,"HTTP 405: <html>
<head><title>405 Not Allowed</title></head>
<body>
<center><h1>405 Not Allowed</h1></center>
<hr><center>nginx/1.18.0 (Ubuntu)</center>
</body>
</html>
"
93,1776349146.1502552,0.0,0.0,10.630130767822266,65,0,"HTTP 405: <html>
<head><title>405 Not Allowed</title></head>
<body>
<center><h1>405 Not Allowed</h1></center>
<hr><center>nginx/1.18.0 (Ubuntu)</center>
</body>
</html>
"
94,1776349146.1502972,0.0,0.0,10.723114013671875,11,0,"HTTP 405: <html>
<head><title>405 Not Allowed</title></head>
<body>
<center><h1>405 Not Allowed</h1></center>
<hr><center>nginx/1.18.0 (Ubuntu)</center>
</body>
</html>
"
95,1776349146.1503398,0.0,0.0,10.750293731689453,164,0,"HTTP 405: <html>
<head><title>405 Not Allowed</title></head>
<body>
<center><h1>405 Not Allowed</h1></center>
<hr><center>nginx/1.18.0 (Ubuntu)</center>
</body>
</html>
"
96,1776349146.1503842,0.0,0.0,10.944604873657227,92,0,"HTTP 405: <html>
<head><title>405 Not Allowed</title></head>
<body>
<center><h1>405 Not Allowed</h1></center>
<hr><center>nginx/1.18.0 (Ubuntu)</center>
</body>
</html>
"
97,1776349146.1504273,0.0,0.0,11.06405258178711,164,0,"HTTP 405: <html>
<head><title>405 Not Allowed</title></head>
<body>
<center><h1>405 Not Allowed</h1></center>
<hr><center>nginx/1.18.0 (Ubuntu)</center>
</body>
</html>
"
98,1776349146.1505902,0.0,0.0,11.137008666992188,47,0,"HTTP 405: <html>
<head><title>405 Not Allowed</title></head>
<body>
<center><h1>405 Not Allowed</h1></center>
<hr><center>nginx/1.18.0 (Ubuntu)</center>
</body>
</html>
"
99,1776349146.1506376,0.0,0.0,11.198043823242188,47,0,"HTTP 405: <html>
<head><title>405 Not Allowed</title></head>
<body>
<center><h1>405 Not Allowed</h1></center>
<hr><center>nginx/1.18.0 (Ubuntu)</center>
</body>
</html>
"
100,1776349146.150681,0.0,0.0,11.260271072387695,47,0,"HTTP 405: <html>
<head><title>405 Not Allowed</title></head>
<body>
<center><h1>405 Not Allowed</h1></center>
<hr><center>nginx/1.18.0 (Ubuntu)</center>
</body>
</html>
"
101,1776349146.150724,0.0,0.0,11.322975158691406,119,0,"HTTP 405: <html>
<head><title>405 Not Allowed</title></head>
<body>
<center><h1>405 Not Allowed</h1></center>
<hr><center>nginx/1.18.0 (Ubuntu)</center>
</body>
</html>
"
102,1776349146.1507676,0.0,0.0,11.472463607788086,146,0,"HTTP 405: <html>
<head><title>405 Not Allowed</title></head>
<body>
<center><h1>405 Not Allowed</h1></center>
<hr><center>nginx/1.18.0 (Ubuntu)</center>
</body>
</html>
"
103,1776349146.1508117,0.0,0.0,11.651277542114258,137,0,"HTTP 405: <html>
<head><title>405 Not Allowed</title></head>
<body>
<center><h1>405 Not Allowed</h1></center>
<hr><center>nginx/1.18.0 (Ubuntu)</center>
</body>
</html>
"
104,1776349146.1508555,0.0,0.0,11.821508407592773,65,0,"HTTP 405: <html>
<head><title>405 Not Allowed</title></head>
<body>
<center><h1>405 Not Allowed</h1></center>
<hr><center>nginx/1.18.0 (Ubuntu)</center>
</body>
</html>
"
105,1776349146.1508977,0.0,0.0,11.907815933227539,83,0,"HTTP 405: <html>
<head><title>405 Not Allowed</title></head>
<body>
<center><h1>405 Not Allowed</h1></center>
<hr><center>nginx/1.18.0 (Ubuntu)</center>
</body>
</html>
"
106,1776349146.1509404,0.0,0.0,12.013912200927734,164,0,"HTTP 405: <html>
<head><title>405 Not Allowed</title></head>
<body>
<center><h1>405 Not Allowed</h1></center>
<hr><center>nginx/1.18.0 (Ubuntu)</center>
</body>
</html>
"
107,1776349146.1509836,0.0,0.0,12.21156120300293,146,0,"HTTP 405: <html>
<head><title>405 Not Allowed</title></head>
<body>
<center><h1>405 Not Allowed</h1></center>
<hr><center>nginx/1.18.0 (Ubuntu)</center>
</body>
</html>
"
108,1776349146.1510262,0.0,0.0,12.389898300170898,164,0,"HTTP 405: <html>
<head><title>405 Not Allowed</title></head>
<body>
<center><h1>405 Not Allowed</h1></center>
<hr><center>nginx/1.18.0 (Ubuntu)</center>
</body>
</html>
"
109,1776349146.1510708,0.0,0.0,12.583732604980469,11,0,"HTTP 405: <html>
<head><title>405 Not Allowed</title></head>
<body>
<center><h1>405 Not Allowed</h1></center>
<hr><center>nginx/1.18.0 (Ubuntu)</center>
</body>
</html>
"
110,1776349146.1511128,0.0,0.0,12.610435485839844,137,0,"HTTP 405: <html>
<head><title>405 Not Allowed</title></head>
<body>
<center><h1>405 Not Allowed</h1></center>
<hr><center>nginx/1.18.0 (Ubuntu)</center>
</body>
</html>
"
111,1776349146.1511557,0.0,0.0,12.780189514160156,173,0,"HTTP 405: <html>
<head><title>405 Not Allowed</title></head>
<body>
<center><h1>405 Not Allowed</h1></center>
<hr><center>nginx/1.18.0 (Ubuntu)</center>
</body>
</html>
"
112,1776349146.1511989,0.0,0.0,13.007164001464844,56,0,"HTTP 405: <html>
<head><title>405 Not Allowed</title></head>
<body>
<center><h1>405 Not Allowed</h1></center>
<hr><center>nginx/1.18.0 (Ubuntu)</center>
</body>
</html>
"
113,1776349146.1512413,0.0,0.0,13.088226318359375,146,0,"HTTP 405: <html>
<head><title>405 Not Allowed</title></head>
<body>
<center><h1>405 Not Allowed</h1></center>
<hr><center>nginx/1.18.0 (Ubuntu)</center>
</body>
</html>
"
114,1776349146.1513503,0.0,0.0,13.199806213378906,119,0,"HTTP 405: <html>
<head><title>405 Not Allowed</title></head>
<body>
<center><h1>405 Not Allowed</h1></center>
<hr><center>nginx/1.18.0 (Ubuntu)</center>
</body>
</html>
"
115,1776349146.1513948,0.0,0.0,13.349533081054688,83,0,"HTTP 405: <html>
<head><title>405 Not Allowed</title></head>
<body>
<center><h1>405 Not Allowed</h1></center>
<hr><center>nginx/1.18.0 (Ubuntu)</center>
</body>
</html>
"
116,1776349146.1514385,0.0,0.0,13.456106185913086,83,0,"HTTP 405: <html>
<head><title>405 Not Allowed</title></head>
<body>
<center><h1>405 Not Allowed</h1></center>
<hr><center>nginx/1.18.0 (Ubuntu)</center>
</body>
</html>
"
117,1776349146.151482,0.0,0.0,13.560295104980469,29,0,"HTTP 405: <html>
<head><title>405 Not Allowed</title></head>
<body>
<center><h1>405 Not Allowed</h1></center>
<hr><center>nginx/1.18.0 (Ubuntu)</center>
</body>
</html>
"
118,1776349146.1515253,0.0,0.0,13.604879379272461,74,0,"HTTP 405: <html>
<head><title>405 Not Allowed</title></head>
<body>
<center><h1>405 Not Allowed</h1></center>
<hr><center>nginx/1.18.0 (Ubuntu)</center>
</body>
</html>
"
119,1776349146.1515691,0.0,0.0,13.699531555175781,101,0,"HTTP 405: <html>
<head><title>405 Not Allowed</title></head>
<body>
<center><h1>405 Not Allowed</h1></center>
<hr><center>nginx/1.18.0 (Ubuntu)</center>
</body>
</html>
"
120,1776349146.1516132,0.0,0.0,13.82303237915039,83,0,"HTTP 405: <html>
<head><title>405 Not Allowed</title></head>
<body>
<center><h1>405 Not Allowed</h1></center>
<hr><center>nginx/1.18.0 (Ubuntu)</center>
</body>
</html>
"
121,1776349146.151656,0.0,0.0,13.926506042480469,92,0,"HTTP 405: <html>
<head><title>405 Not Allowed</title></head>
<body>
<center><h1>405 Not Allowed</h1></center>
<hr><center>nginx/1.18.0 (Ubuntu)</center>
</body>
</html>
"
122,1776349146.1536667,0.0,0.0,14.384984970092773,101,0,"HTTP 405: <html>
<head><title>405 Not Allowed</title></head>
<body>
<center><h1>405 Not Allowed</h1></center>
<hr><center>nginx/1.18.0 (Ubuntu)</center>
</body>
</html>
"
123,1776349146.1537395,0.0,0.0,14.520883560180664,74,0,"HTTP 405: <html>
<head><title>405 Not Allowed</title></head>
<body>
<center><h1>405 Not Allowed</h1></center>
<hr><center>nginx/1.18.0 (Ubuntu)</center>
</body>
</html>
"
124,1776349146.1537933,0.0,0.0,14.619588851928711,11,0,"HTTP 405: <html>
<head><title>405 Not Allowed</title></head>
<body>
<center><h1>405 Not Allowed</h1></center>
<hr><center>nginx/1.18.0 (Ubuntu)</center>
</body>
</html>
"
125,1776349146.1538417,0.0,0.0,14.64390754699707,101,0,"HTTP 405: <html>
<head><title>405 Not Allowed</title></head>
<body>
<center><h1>405 Not Allowed</h1></center>
<hr><center>nginx/1.18.0 (Ubuntu)</center>
</body>
</html>
"
126,1776349146.153888,0.0,0.0,14.772415161132812,83,0,"HTTP 405: <html>
<head><title>405 Not Allowed</title></head>
<body>
<center><h1>405 Not Allowed</h1></center>
<hr><center>nginx/1.18.0 (Ubuntu)</center>
</body>
</html>
"
127,1776349146.1539326,0.0,0.0,14.881134033203125,101,0,"HTTP 405: <html>
<head><title>405 Not Allowed</title></head>
<body>
<center><h1>405 Not Allowed</h1></center>
<hr><center>nginx/1.18.0 (Ubuntu)</center>
</body>
</html>
"
128,1776349146.1566348,0.0,0.0,13.52381706237793,83,0,"HTTP 405: <html>
<head><title>405 Not Allowed</title></head>
<body>
<center><h1>405 Not Allowed</h1></center>
<hr><center>nginx/1.18.0 (Ubuntu)</center>
</body>
</html>
"
129,1776349146.1567075,0.0,0.0,13.625860214233398,65,0,"HTTP 405: <html>
<head><title>405 Not Allowed</title></head>
<body>
<center><h1>405 Not Allowed</h1></center>
<hr><center>nginx/1.18.0 (Ubuntu)</center>
</body>
</html>
"
130,1776349146.1567616,0.0,0.0,13.710498809814453,119,0,"HTTP 405: <html>
<head><title>405 Not Allowed</title></head>
<body>
<center><h1>405 Not Allowed</h1></center>
<hr><center>nginx/1.18.0 (Ubuntu)</center>
</body>
</html>
"
131,1776349146.1568093,0.0,0.0,13.86117935180664,29,0,"HTTP 405: <html>
<head><title>405 Not Allowed</title></head>
<body>
<center><h1>405 Not Allowed</h1></center>
<hr><center>nginx/1.18.0 (Ubuntu)</center>
</body>
</html>
"
132,1776349146.156855,0.0,0.0,13.906002044677734,83,0,"HTTP 405: <html>
<head><title>405 Not Allowed</title></head>
<body>
<center><h1>405 Not Allowed</h1></center>
<hr><center>nginx/1.18.0 (Ubuntu)</center>
</body>
</html>
"
133,1776349146.1568992,0.0,0.0,14.014244079589844,101,0,"HTTP 405: <html>
<head><title>405 Not Allowed</title></head>
<body>
<center><h1>405 Not Allowed</h1></center>
<hr><center>nginx/1.18.0 (Ubuntu)</center>
</body>
</html>
"
134,1776349146.1569436,0.0,0.0,14.140844345092773,47,0,"HTTP 405: <html>
<head><title>405 Not Allowed</title></head>
<body>
<center><h1>405 Not Allowed</h1></center>
<hr><center>nginx/1.18.0 (Ubuntu)</center>
</body>
</html>
"
135,1776349146.156986,0.0,0.0,14.20736312866211,29,0,"HTTP 405: <html>
<head><title>405 Not Allowed</title></head>
<body>
<center><h1>405 Not Allowed</h1></center>
<hr><center>nginx/1.18.0 (Ubuntu)</center>
</body>
</html>
"
136,1776349146.1570299,0.0,0.0,14.249563217163086,74,0,"HTTP 405: <html>
<head><title>405 Not Allowed</title></head>
<body>
<center><h1>405 Not Allowed</h1></center>
<hr><center>nginx/1.18.0 (Ubuntu)</center>
</body>
</html>
"
137,1776349146.1570728,0.0,0.0,14.356613159179688,137,0,"HTTP 405: <html>
<head><title>405 Not Allowed</title></head>
<body>
<center><h1>405 Not Allowed</h1></center>
<hr><center>nginx/1.18.0 (Ubuntu)</center>
</body>
</html>
"
138,1776349146.157117,0.0,0.0,14.531373977661133,74,0,"HTTP 405: <html>
<head><title>405 Not Allowed</title></head>
<body>
<center><h1>405 Not Allowed</h1></center>
<hr><center>nginx/1.18.0 (Ubuntu)</center>
</body>
</html>
"
139,1776349146.15716,0.0,0.0,14.630794525146484,146,0,"HTTP 405: <html>
<head><title>405 Not Allowed</title></head>
<body>
<center><h1>405 Not Allowed</h1></center>
<hr><center>nginx/1.18.0 (Ubuntu)</center>
</body>
</html>
"
140,1776349146.1572042,0.0,0.0,14.808177947998047,38,0,"HTTP 405: <html>
<head><title>405 Not Allowed</title></head>
<body>
<center><h1>405 Not Allowed</h1></center>
<hr><center>nginx/1.18.0 (Ubuntu)</center>
</body>
</html>
"
141,1776349146.1585684,0.0,0.0,14.252185821533203,182,0,"HTTP 405: <html>
<head><title>405 Not Allowed</title></head>
<body>
<center><h1>405 Not Allowed</h1></center>
<hr><center>nginx/1.18.0 (Ubuntu)</center>
</body>
</html>
"
142,1776349146.1586401,0.0,0.0,14.466524124145508,101,0,"HTTP 405: <html>
<head><title>405 Not Allowed</title></head>
<body>
<center><h1>405 Not Allowed</h1></center>
<hr><center>nginx/1.18.0 (Ubuntu)</center>
</body>
</html>
"
143,1776349146.1586945,0.0,0.0,14.592409133911133,11,0,"HTTP 405: <html>
<head><title>405 Not Allowed</title></head>
<body>
<center><h1>405 Not Allowed</h1></center>
<hr><center>nginx/1.18.0 (Ubuntu)</center>
</body>
</html>
"
144,1776349146.1587408,0.0,0.0,14.61648941040039,164,0,"HTTP 405: <html>
<head><title>405 Not Allowed</title></head>
<body>
<center><h1>405 Not Allowed</h1></center>
<hr><center>nginx/1.18.0 (Ubuntu)</center>
</body>
</html>
"
145,1776349146.1659303,0.0,0.0,8.212804794311523,38,0,"HTTP 405: <html>
<head><title>405 Not Allowed</title></head>
<body>
<center><h1>405 Not Allowed</h1></center>
<hr><center>nginx/1.18.0 (Ubuntu)</center>
</body>
</html>
"
146,1776349146.166004,0.0,0.0,8.257865905761719,11,0,"HTTP 405: <html>
<head><title>405 Not Allowed</title></head>
<body>
<center><h1>405 Not Allowed</h1></center>
<hr><center>nginx/1.18.0 (Ubuntu)</center>
</body>
</html>
"
147,1776349146.1660585,0.0,0.0,8.274555206298828,155,0,"HTTP 405: <html>
<head><title>405 Not Allowed</title></head>
<body>
<center><h1>405 Not Allowed</h1></center>
<hr><center>nginx/1.18.0 (Ubuntu)</center>
</body>
</html>
"
148,1776349146.1661086,0.0,0.0,8.46409797668457,92,0,"HTTP 405: <html>
<head><title>405 Not Allowed</title></head>
<body>
<center><h1>405 Not Allowed</h1></center>
<hr><center>nginx/1.18.0 (Ubuntu)</center>
</body>
</html>
"
149,1776349146.1661553,0.0,0.0,8.578777313232422,20,0,"HTTP 405: <html>
<head><title>405 Not Allowed</title></head>
<body>
<center><h1>405 Not Allowed</h1></center>
<hr><center>nginx/1.18.0 (Ubuntu)</center>
</body>
</html>
"
150,1776349146.1661994,0.0,0.0,8.61501693725586,56,0,"HTTP 405: <html>
<head><title>405 Not Allowed</title></head>
<body>
<center><h1>405 Not Allowed</h1></center>
<hr><center>nginx/1.18.0 (Ubuntu)</center>
</body>
</html>
"
151,1776349146.166243,0.0,0.0,8.69131088256836,155,0,"HTTP 405: <html>
<head><title>405 Not Allowed</title></head>
<body>
<center><h1>405 Not Allowed</h1></center>
<hr><center>nginx/1.18.0 (Ubuntu)</center>
</body>
</html>
"
152,1776349146.1662862,0.0,0.0,8.882522583007812,164,0,"HTTP 405: <html>
<head><title>405 Not Allowed</title></head>
<body>
<center><h1>405 Not Allowed</h1></center>
<hr><center>nginx/1.18.0 (Ubuntu)</center>
</body>
</html>
"
153,1776349146.1663296,0.0,0.0,9.082317352294922,146,0,"HTTP 405: <html>
<head><title>405 Not Allowed</title></head>
<body>
<center><h1>405 Not Allowed</h1></center>
<hr><center>nginx/1.18.0 (Ubuntu)</center>
</body>
</html>
"
154,1776349146.1663713,0.0,0.0,9.264707565307617,83,0,"HTTP 405: <html>
<head><title>405 Not Allowed</title></head>
<body>
<center><h1>405 Not Allowed</h1></center>
<hr><center>nginx/1.18.0 (Ubuntu)</center>
</body>
</html>
"
155,1776349146.1664135,0.0,0.0,9.371757507324219,164,0,"HTTP 405: <html>
<head><title>405 Not Allowed</title></head>
<body>
<center><h1>405 Not Allowed</h1></center>
<hr><center>nginx/1.18.0 (Ubuntu)</center>
</body>
</html>
"
156,1776349146.166457,0.0,0.0,9.565114974975586,29,0,"HTTP 405: <html>
<head><title>405 Not Allowed</title></head>
<body>
<center><h1>405 Not Allowed</h1></center>
<hr><center>nginx/1.18.0 (Ubuntu)</center>
</body>
</html>
"
157,1776349146.166498,0.0,0.0,9.631633758544922,74,0,"HTTP 405: <html>
<head><title>405 Not Allowed</title></head>
<body>
<center><h1>405 Not Allowed</h1></center>
<hr><center>nginx/1.18.0 (Ubuntu)</center>
</body>
</html>
"
158,1776349146.1665401,0.0,0.0,9.736299514770508,83,0,"HTTP 405: <html>
<head><title>405 Not Allowed</title></head>
<body>
<center><h1>405 Not Allowed</h1></center>
<hr><center>nginx/1.18.0 (Ubuntu)</center>
</body>
</html>
"
159,1776349146.166583,0.0,0.0,9.840250015258789,119,0,"HTTP 405: <html>
<head><title>405 Not Allowed</title></head>
<body>
<center><h1>405 Not Allowed</h1></center>
<hr><center>nginx/1.18.0 (Ubuntu)</center>
</body>
</html>
"
160,1776349146.166625,0.0,0.0,9.990692138671875,119,0,"HTTP 405: <html>
<head><title>405 Not Allowed</title></head>
<body>
<center><h1>405 Not Allowed</h1></center>
<hr><center>nginx/1.18.0 (Ubuntu)</center>
</body>
</html>
"
161,1776349146.1666675,0.0,0.0,10.138511657714844,65,0,"HTTP 405: <html>
<head><title>405 Not Allowed</title></head>
<body>
<center><h1>405 Not Allowed</h1></center>
<hr><center>nginx/1.18.0 (Ubuntu)</center>
</body>
</html>
"
162,1776349146.1669328,0.0,0.0,10.001420974731445,29,0,"HTTP 405: <html>
<head><title>405 Not Allowed</title></head>
<body>
<center><h1>405 Not Allowed</h1></center>
<hr><center>nginx/1.18.0 (Ubuntu)</center>
</body>
</html>
"
163,1776349146.1669812,0.0,0.0,10.038375854492188,119,0,"HTTP 405: <html>
<head><title>405 Not Allowed</title></head>
<body>
<center><h1>405 Not Allowed</h1></center>
<hr><center>nginx/1.18.0 (Ubuntu)</center>
</body>
</html>
"
164,1776349146.167025,0.0,0.0,10.185718536376953,110,0,"HTTP 405: <html>
<head><title>405 Not Allowed</title></head>
<body>
<center><h1>405 Not Allowed</h1></center>
<hr><center>nginx/1.18.0 (Ubuntu)</center>
</body>
</html>
"
165,1776349146.1670678,0.0,0.0,10.321617126464844,38,0,"HTTP 405: <html>
<head><title>405 Not Allowed</title></head>
<body>
<center><h1>405 Not Allowed</h1></center>
<hr><center>nginx/1.18.0 (Ubuntu)</center>
</body>
</html>
"
166,1776349146.1671085,0.0,0.0,10.376214981079102,173,0,"HTTP 405: <html>
<head><title>405 Not Allowed</title></head>
<body>
<center><h1>405 Not Allowed</h1></center>
<hr><center>nginx/1.18.0 (Ubuntu)</center>
</body>
</html>
"
167,1776349146.167152,0.0,0.0,10.578632354736328,137,0,"HTTP 405: <html>
<head><title>405 Not Allowed</title></head>
<body>
<center><h1>405 Not Allowed</h1></center>
<hr><center>nginx/1.18.0 (Ubuntu)</center>
</body>
</html>
"
168,1776349146.1671944,0.0,0.0,10.751962661743164,137,0,"HTTP 405: <html>
<head><title>405 Not Allowed</title></head>
<body>
<center><h1>405 Not Allowed</h1></center>
<hr><center>nginx/1.18.0 (Ubuntu)</center>
</body>
</html>
"
169,1776349146.1672373,0.0,0.0,10.923147201538086,56,0,"HTTP 405: <html>
<head><title>405 Not Allowed</title></head>
<body>
<center><h1>405 Not Allowed</h1></center>
<hr><center>nginx/1.18.0 (Ubuntu)</center>
</body>
</html>
"
170,1776349146.1672797,0.0,0.0,10.999202728271484,38,0,"HTTP 405: <html>
<head><title>405 Not Allowed</title></head>
<body>
<center><h1>405 Not Allowed</h1></center>
<hr><center>nginx/1.18.0 (Ubuntu)</center>
</body>
</html>
"
171,1776349146.1673207,0.0,0.0,11.054754257202148,83,0,"HTTP 405: <html>
<head><title>405 Not Allowed</title></head>
<body>
<center><h1>405 Not Allowed</h1></center>
<hr><center>nginx/1.18.0 (Ubuntu)</center>
</body>
</html>
"
172,1776349146.1673636,0.0,0.0,11.16037368774414,74,0,"HTTP 405: <html>
<head><title>405 Not Allowed</title></head>
<body>
<center><h1>405 Not Allowed</h1></center>
<hr><center>nginx/1.18.0 (Ubuntu)</center>
</body>
</html>
"
173,1776349146.1674051,0.0,0.0,11.256694793701172,20,0,"HTTP 405: <html>
<head><title>405 Not Allowed</title></head>
<body>
<center><h1>405 Not Allowed</h1></center>
<hr><center>nginx/1.18.0 (Ubuntu)</center>
</body>
</html>
"
174,1776349146.167446,0.0,0.0,11.291742324829102,182,0,"HTTP 405: <html>
<head><title>405 Not Allowed</title></head>
<body>
<center><h1>405 Not Allowed</h1></center>
<hr><center>nginx/1.18.0 (Ubuntu)</center>
</body>
</html>
"
175,1776349146.1674888,0.0,0.0,11.505603790283203,128,0,"HTTP 405: <html>
<head><title>405 Not Allowed</title></head>
<body>
<center><h1>405 Not Allowed</h1></center>
<hr><center>nginx/1.18.0 (Ubuntu)</center>
</body>
</html>
"
176,1776349146.1675313,0.0,0.0,11.667966842651367,83,0,"HTTP 405: <html>
<head><title>405 Not Allowed</title></head>
<body>
<center><h1>405 Not Allowed</h1></center>
<hr><center>nginx/1.18.0 (Ubuntu)</center>
</body>
</html>
"
177,1776349146.1675732,0.0,0.0,11.77215576171875,20,0,"HTTP 405: <html>
<head><title>405 Not Allowed</title></head>
<body>
<center><h1>405 Not Allowed</h1></center>
<hr><center>nginx/1.18.0 (Ubuntu)</center>
</body>
</html>
"
178,1776349146.1676807,0.0,0.0,11.740922927856445,128,0,"HTTP 405: <html>
<head><title>405 Not Allowed</title></head>
<body>
<center><h1>405 Not Allowed</h1></center>
<hr><center>nginx/1.18.0 (Ubuntu)</center>
</body>
</html>
"
179,1776349146.1677244,0.0,0.0,11.894464492797852,182,0,"HTTP 405: <html>
<head><title>405 Not Allowed</title></head>
<body>
<center><h1>405 Not Allowed</h1></center>
<hr><center>nginx/1.18.0 (Ubuntu)</center>
</body>
</html>
"
180,1776349146.167768,0.0,0.0,12.110233306884766,47,0,"HTTP 405: <html>
<head><title>405 Not Allowed</title></head>
<body>
<center><h1>405 Not Allowed</h1></center>
<hr><center>nginx/1.18.0 (Ubuntu)</center>
</body>
</html>
"
181,1776349146.1678107,0.0,0.0,12.175321578979492,92,0,"HTTP 405: <html>
<head><title>405 Not Allowed</title></head>
<body>
<center><h1>405 Not Allowed</h1></center>
<hr><center>nginx/1.18.0 (Ubuntu)</center>
</body>
</html>
"
182,1776349146.1678543,0.0,0.0,12.307167053222656,128,0,"HTTP 405: <html>
<head><title>405 Not Allowed</title></head>
<body>
<center><h1>405 Not Allowed</h1></center>
<hr><center>nginx/1.18.0 (Ubuntu)</center>
</body>
</html>
"
183,1776349146.1678977,0.0,0.0,12.469291687011719,65,0,"HTTP 405: <html>
<head><title>405 Not Allowed</title></head>
<body>
<center><h1>405 Not Allowed</h1></center>
<hr><center>nginx/1.18.0 (Ubuntu)</center>
</body>
</html>
"
184,1776349146.1679387,0.0,0.0,12.556314468383789,92,0,"HTTP 405: <html>
<head><title>405 Not Allowed</title></head>
<body>
<center><h1>405 Not Allowed</h1></center>
<hr><center>nginx/1.18.0 (Ubuntu)</center>
</body>
</html>
"
185,1776349146.1679804,0.0,0.0,12.669563293457031,146,0,"HTTP 405: <html>
<head><title>405 Not Allowed</title></head>
<body>
<center><h1>405 Not Allowed</h1></center>
<hr><center>nginx/1.18.0 (Ubuntu)</center>
</body>
</html>
"
186,1776349146.1698327,0.0,0.0,11.157989501953125,128,0,"HTTP 405: <html>
<head><title>405 Not Allowed</title></head>
<body>
<center><h1>405 Not Allowed</h1></center>
<hr><center>nginx/1.18.0 (Ubuntu)</center>
</body>
</html>
"
187,1776349146.1699045,0.0,0.0,11.299610137939453,110,0,"HTTP 405: <html>
<head><title>405 Not Allowed</title></head>
<body>
<center><h1>405 Not Allowed</h1></center>
<hr><center>nginx/1.18.0 (Ubuntu)</center>
</body>
</html>
"
188,1776349146.1699579,0.0,0.0,11.428117752075195,74,0,"HTTP 405: <html>
<head><title>405 Not Allowed</title></head>
<body>
<center><h1>405 Not Allowed</h1></center>
<hr><center>nginx/1.18.0 (Ubuntu)</center>
</body>
</html>
"
189,1776349146.1700056,0.0,0.0,11.520862579345703,182,0,"HTTP 405: <html>
<head><title>405 Not Allowed</title></head>
<body>
<center><h1>405 Not Allowed</h1></center>
<hr><center>nginx/1.18.0 (Ubuntu)</center>
</body>
</html>
"
190,1776349146.1700528,0.0,0.0,11.73543930053711,20,0,"HTTP 405: <html>
<head><title>405 Not Allowed</title></head>
<body>
<center><h1>405 Not Allowed</h1></center>
<hr><center>nginx/1.18.0 (Ubuntu)</center>
</body>
</html>
"
191,1776349146.170097,0.0,0.0,11.770009994506836,47,0,"HTTP 405: <html>
<head><title>405 Not Allowed</title></head>
<body>
<center><h1>405 Not Allowed</h1></center>
<hr><center>nginx/1.18.0 (Ubuntu)</center>
</body>
</html>
"
192,1776349146.172398,0.0,0.0,9.671688079833984,65,0,"HTTP 405: <html>
<head><title>405 Not Allowed</title></head>
<body>
<center><h1>405 Not Allowed</h1></center>
<hr><center>nginx/1.18.0 (Ubuntu)</center>
</body>
</html>
"
193,1776349146.1724715,0.0,0.0,9.736061096191406,128,0,"HTTP 405: <html>
<head><title>405 Not Allowed</title></head>
<body>
<center><h1>405 Not Allowed</h1></center>
<hr><center>nginx/1.18.0 (Ubuntu)</center>
</body>
</html>
"
194,1776349146.1725268,0.0,0.0,9.88459587097168,146,0,"HTTP 405: <html>
<head><title>405 Not Allowed</title></head>
<body>
<center><h1>405 Not Allowed</h1></center>
<hr><center>nginx/1.18.0 (Ubuntu)</center>
</body>
</html>
"
195,1776349146.1725764,0.0,0.0,10.060787200927734,47,0,"HTTP 405: <html>
<head><title>405 Not Allowed</title></head>
<body>
<center><h1>405 Not Allowed</h1></center>
<hr><center>nginx/1.18.0 (Ubuntu)</center>
</body>
</html>
"
196,1776349146.1726234,0.0,0.0,10.122537612915039,83,0,"HTTP 405: <html>
<head><title>405 Not Allowed</title></head>
<body>
<center><h1>405 Not Allowed</h1></center>
<hr><center>nginx/1.18.0 (Ubuntu)</center>
</body>
</html>
"
197,1776349146.1726685,0.0,0.0,10.224580764770508,182,0,"HTTP 405: <html>
<head><title>405 Not Allowed</title></head>
<body>
<center><h1>405 Not Allowed</h1></center>
<hr><center>nginx/1.18.0 (Ubuntu)</center>
</body>
</html>
"
198,1776349146.1727142,0.0,0.0,10.43844223022461,182,0,"HTTP 405: <html>
<head><title>405 Not Allowed</title></head>
<body>
<center><h1>405 Not Allowed</h1></center>
<hr><center>nginx/1.18.0 (Ubuntu)</center>
</body>
</html>
"
199,1776349146.1727588,0.0,0.0,10.653495788574219,128,0,"HTTP 405: <html>
<head><title>405 Not Allowed</title></head>
<body>
<center><h1>405 Not Allowed</h1></center>
<hr><center>nginx/1.18.0 (Ubuntu)</center>
</body>
</html>
"
